name,salary,link,website
Аналитик,По договорённости,https://www.superjob.ru/vakansii/analitik-31183225.html,https://www.superjob.ru
Бизнес-аналитик по продуктам Office365,По договорённости,https://www.superjob.ru/vakansii/biznes-analitik-po-produktam-office365-34435410.html,https://www.superjob.ru
Аналитик по оптимизации бизнес-процессов,до 120 000 руб./месяц,https://www.superjob.ru/vakansii/analitik-po-optimizacii-biznes-processov-34390865.html,https://www.superjob.ru
"Системный бизнес-аналитик (контур WMS, удаленная работа)",По договорённости,https://www.superjob.ru/vakansii/sistemnyj-biznes-analitik-34369453.html,https://www.superjob.ru
Ведущий аналитик / Data Engineer,По договорённости,https://www.superjob.ru/vakansii/veduschij-analitik-34313441.html,https://www.superjob.ru
Web аналитик,до 120 000 руб./месяц,https://www.superjob.ru/vakansii/web-analitik-34298884.html,https://www.superjob.ru
Системный аналитик,По договорённости,https://www.superjob.ru/vakansii/sistemnyj-analitik-34448803.html,https://www.superjob.ru
Ведущий программист-аналитик 1С,до 200 000 руб./месяц,https://www.superjob.ru/vakansii/veduschij-programmist-analitik-1s-34383693.html,https://www.superjob.ru
Аналитик (маркетинговые исследования),По договорённости,https://www.superjob.ru/vakansii/analitik-31776410.html,https://www.superjob.ru
Бизнес-аналитик (IT),По договорённости,https://www.superjob.ru/vakansii/biznes-analitik-34237325.html,https://www.superjob.ru
Аналитик,По договорённости,https://www.superjob.ru/vakansii/analitik-34427156.html,https://www.superjob.ru
Программист 1С / Системный аналитик,от 100 000 руб./месяц,https://www.superjob.ru/vakansii/programmist-1s-34433958.html,https://www.superjob.ru
Системный аналитик (система взыскания задолженности),По договорённости,https://www.superjob.ru/vakansii/sistemnyj-analitik-34375364.html,https://www.superjob.ru
Экономист-аналитик / Главный специалист,По договорённости,https://www.superjob.ru/vakansii/ekonomist-analitik-34194946.html,https://www.superjob.ru
Главный специалист по мониторингу и аналитике,100 000 — 110 000 руб./месяц,https://www.superjob.ru/vakansii/glavnyj-specialist-po-monitoringu-i-analitike-34162011.html,https://www.superjob.ru
Маркетолог-аналитик,от 50 000 руб./месяц,https://www.superjob.ru/vakansii/marketolog-analitik-34135764.html,https://www.superjob.ru
Консультант-аналитик 1С,По договорённости,https://www.superjob.ru/vakansii/konsultant-analitik-1s-34303850.html,https://www.superjob.ru
Системный аналитик в юридических вопросах,По договорённости,https://www.superjob.ru/vakansii/sistemnyj-analitik-v-yuridicheskih-voprosah-34389172.html,https://www.superjob.ru
Аналитик рынка,По договорённости,https://www.superjob.ru/vakansii/analitik-rynka-34169698.html,https://www.superjob.ru
Ведущий аналитик,По договорённости,https://www.superjob.ru/vakansii/veduschij-analitik-34415359.html,https://www.superjob.ru
